cell_name,site_id,x_um,y_um
$abc$2096$auto$blifparse.cc:396:parse_blif$2097,102329,10.0600004196167,638.760009765625
$abc$2096$auto$blifparse.cc:396:parse_blif$2099,68836,5.460000038146973,437.4800109863281
$abc$2096$auto$blifparse.cc:396:parse_blif$2100,74123,23.860000610351562,467.3999938964844
$abc$2096$auto$blifparse.cc:396:parse_blif$2101,3456,945.7000122070312,21.31999969482422
$abc$2096$auto$blifparse.cc:396:parse_blif$2102,1830,37.65999984741211,18.600000381469727
$abc$2096$auto$blifparse.cc:396:parse_blif$2103,70586,7.300000190734863,445.6400146484375
$abc$2096$auto$blifparse.cc:396:parse_blif$2104,1915,95.16000366210938,15.880000114440918
$abc$2096$auto$blifparse.cc:396:parse_blif$2105,1425,812.760009765625,5.0
$abc$2096$auto$blifparse.cc:396:parse_blif$2106,3112,750.6599731445312,21.31999969482422
$abc$2096$auto$blifparse.cc:396:parse_blif$2107,3300,865.6599731445312,18.600000381469727
$abc$2096$auto$blifparse.cc:396:parse_blif$2108,1642,916.260009765625,10.4399995803833
$abc$2096$auto$blifparse.cc:396:parse_blif$2159,2386,352.760009765625,21.31999969482422
$abc$2096$auto$blifparse.cc:396:parse_blif$2160,70570,23.860000610351562,440.20001220703125
$abc$2096$auto$blifparse.cc:396:parse_blif$2164,70561,5.460000038146973,440.20001220703125
$abc$2096$auto$blifparse.cc:396:parse_blif$2165,2354,338.9599914550781,15.880000114440918
$abc$2096$auto$blifparse.cc:396:parse_blif$2181,1128,640.260009765625,5.0
$abc$2096$auto$blifparse.cc:396:parse_blif$2191,2171,226.25999450683594,18.600000381469727
$abc$2096$auto$blifparse.cc:396:parse_blif$2192,2189,240.05999755859375,21.31999969482422
$abc$2096$auto$blifparse.cc:396:parse_blif$2202,2680,518.3599853515625,21.31999969482422
$abc$2096$auto$blifparse.cc:396:parse_blif$2241,70577,10.0600004196167,442.9200134277344
$abc$2096$auto$blifparse.cc:396:parse_blif$2242,74090,7.760000228881836,461.9599914550781
$abc$2096$auto$blifparse.cc:396:parse_blif$2282,5399,76.76000213623047,37.63999938964844
$abc$2096$auto$blifparse.cc:396:parse_blif$2291,7187,74.45999908447266,53.959999084472656
$abc$2096$auto$blifparse.cc:396:parse_blif$2326,11548,543.6599731445312,75.72000122070312
$abc$2096$auto$blifparse.cc:396:parse_blif$2327,11516,529.8599853515625,70.27999877929688
$abc$2096$auto$blifparse.cc:396:parse_blif$2365,13241,522.9600219726562,81.16000366210938
$abc$2096$auto$blifparse.cc:396:parse_blif$2366,11493,505.94000244140625,75.72000122070312
$abc$2096$auto$blifparse.cc:396:parse_blif$2405,16890,573.5599975585938,108.36000061035156
$abc$2096$auto$blifparse.cc:396:parse_blif$2406,18696,588.739990234375,119.23999786376953
$abc$2096$auto$blifparse.cc:396:parse_blif$2437,18697,591.0399780273438,119.23999786376953
$abc$2096$auto$blifparse.cc:396:parse_blif$2441,16942,608.0599975585938,108.36000061035156
$auto$hilomap.cc:40:hilomap_worker$2060,14156,14.65999984741211,100.19999694824219
$auto$hilomap.cc:40:hilomap_worker$2547,80309,516.0599975585938,502.760009765625
$auto$hilomap.cc:48:hilomap_worker$2058,4538,568.0399780273438,32.20000076293945
$abc$2096$auto$blifparse.cc:396:parse_blif$2161,68807,26.15999984741211,429.32000732421875
$abc$2096$auto$blifparse.cc:396:parse_blif$2162,68832,26.15999984741211,434.760009765625
$abc$2096$auto$blifparse.cc:396:parse_blif$2166,4142,338.5,32.20000076293945
$abc$2096$auto$blifparse.cc:396:parse_blif$2167,25089,226.25999450683594,157.32000732421875
$abc$2096$auto$blifparse.cc:396:parse_blif$2171,70597,28.459999084472656,445.6400146484375
$abc$2096$auto$blifparse.cc:396:parse_blif$2173,67092,53.7599983215332,418.44000244140625
$abc$2096$auto$blifparse.cc:396:parse_blif$2178,63563,51.459999084472656,396.67999267578125
$abc$2096$auto$blifparse.cc:396:parse_blif$2184,2526,423.1400146484375,21.31999969482422
$abc$2096$auto$blifparse.cc:396:parse_blif$2185,771,440.1600036621094,10.4399995803833
$abc$2096$auto$blifparse.cc:396:parse_blif$2187,72341,10.0600004196167,453.79998779296875
$abc$2096$auto$blifparse.cc:396:parse_blif$2193,2165,242.36000061035156,15.880000114440918
$abc$2096$auto$blifparse.cc:396:parse_blif$2198,72357,19.260000228881836,456.5199890136719
$abc$2096$auto$blifparse.cc:396:parse_blif$2207,12977,338.9599914550781,89.31999969482422
$abc$2096$auto$blifparse.cc:396:parse_blif$2218,70594,21.559999465942383,445.6400146484375
$abc$2096$auto$blifparse.cc:396:parse_blif$2224,68815,14.65999984741211,432.0400085449219
$abc$2096$auto$blifparse.cc:396:parse_blif$2225,67034,7.760000228881836,418.44000244140625
$abc$2096$auto$blifparse.cc:396:parse_blif$2246,46040,96.54000091552734,293.32000732421875
$abc$2096$auto$blifparse.cc:396:parse_blif$2247,46048,111.26000213623047,293.32000732421875
$abc$2096$auto$blifparse.cc:396:parse_blif$2250,61888,88.26000213623047,385.79998779296875
$abc$2096$auto$blifparse.cc:396:parse_blif$2251,60107,74.45999908447266,380.3599853515625
$abc$2096$auto$blifparse.cc:396:parse_blif$2263,5377,53.7599983215332,43.08000183105469
$abc$2096$auto$blifparse.cc:396:parse_blif$2264,8920,62.959999084472656,59.400001525878906
$abc$2096$auto$blifparse.cc:396:parse_blif$2301,14929,460.8599853515625,97.4800033569336
$abc$2096$auto$blifparse.cc:396:parse_blif$2302,14948,479.260009765625,92.04000091552734
$abc$2096$auto$blifparse.cc:396:parse_blif$2341,16645,435.55999755859375,108.36000061035156
$abc$2096$auto$blifparse.cc:396:parse_blif$2342,16701,449.3599853515625,111.08000183105469
$abc$2096$auto$blifparse.cc:396:parse_blif$2380,22036,493.05999755859375,141.0
$abc$2096$auto$blifparse.cc:396:parse_blif$2382,22052,504.55999755859375,135.55999755859375
$abc$2096$auto$blifparse.cc:396:parse_blif$2421,22142,536.760009765625,143.72000122070312
$abc$2096$auto$blifparse.cc:396:parse_blif$2422,20323,525.260009765625,130.1199951171875
$abc$2096$auto$blifparse.cc:396:parse_blif$2438,18743,612.6599731445312,119.23999786376953
$auto$insbuf.cc:97:execute$2486,12392,14.65999984741211,89.31999969482422
$auto$insbuf.cc:97:execute$2487,24701,14.199999809265137,157.32000732421875
$auto$insbuf.cc:97:execute$2488,12366,11.899999618530273,83.87999725341797
$auto$insbuf.cc:97:execute$2489,22976,14.65999984741211,154.60000610351562
$auto$insbuf.cc:97:execute$2490,17658,11.899999618530273,116.5199966430664
$auto$insbuf.cc:97:execute$2491,19422,11.899999618530273,127.4000015258789
$auto$insbuf.cc:97:execute$2492,30006,11.899999618530273,192.67999267578125
$auto$insbuf.cc:97:execute$2493,22950,11.899999618530273,149.16000366210938
$auto$insbuf.cc:97:execute$2494,17645,14.199999809265137,113.80000305175781
$auto$insbuf.cc:97:execute$2495,14205,42.2599983215332,100.19999694824219
$auto$insbuf.cc:97:execute$2496,17707,39.5,116.5199966430664
$auto$insbuf.cc:97:execute$2497,5322,16.040000915527344,43.08000183105469
$auto$insbuf.cc:97:execute$2498,10602,11.899999618530273,73.0
$auto$insbuf.cc:97:execute$2499,10677,42.2599983215332,78.44000244140625
$auto$insbuf.cc:97:execute$2500,6326,593.7999877929688,37.63999938964844
$auto$insbuf.cc:97:execute$2501,4673,646.7000122070312,29.479999542236328
$auto$insbuf.cc:97:execute$2502,1194,674.2999877929688,7.71999979019165
$auto$insbuf.cc:97:execute$2503,1171,649.4600219726562,13.15999984741211
$auto$insbuf.cc:97:execute$2504,1132,649.0,5.0
$auto$insbuf.cc:97:execute$2505,8237,676.5999755859375,48.52000045776367
$auto$insbuf.cc:97:execute$2506,2984,677.0599975585938,24.040000915527344
$auto$insbuf.cc:97:execute$2507,17805,94.69999694824219,116.5199966430664
$auto$insbuf.cc:97:execute$2508,11716,649.0,70.27999877929688
$auto$insbuf.cc:97:execute$2509,11729,646.7000122070312,73.0
$auto$insbuf.cc:97:execute$2510,9952,649.0,59.400001525878906
$auto$insbuf.cc:97:execute$2511,13493,646.7000122070312,83.87999725341797
$auto$insbuf.cc:97:execute$2512,17047,649.4600219726562,111.08000183105469
$auto$insbuf.cc:97:execute$2513,15293,676.5999755859375,92.04000091552734
$auto$insbuf.cc:97:execute$2514,15234,621.8599853515625,100.19999694824219
$auto$insbuf.cc:97:execute$2515,18674,593.7999877929688,113.80000305175781
$auto$insbuf.cc:97:execute$2516,16923,591.5,105.63999938964844
$auto$insbuf.cc:97:execute$2517,16910,593.7999877929688,102.91999816894531
$auto$insbuf.cc:97:execute$2518,19497,42.2599983215332,132.83999633789062
$auto$insbuf.cc:97:execute$2519,21235,39.5,138.27999877929688
$auto$insbuf.cc:97:execute$2520,21284,67.0999984741211,138.27999877929688
$auto$insbuf.cc:97:execute$2521,21261,42.2599983215332,143.72000122070312
$auto$insbuf.cc:97:execute$2522,22986,41.79999923706055,146.44000244140625
$auto$insbuf.cc:97:execute$2523,24861,94.69999694824219,160.0399932861328
$auto$insbuf.cc:97:execute$2524,6463,649.4600219726562,45.79999923706055
$auto$insbuf.cc:97:execute$2525,6437,646.7000122070312,40.36000061035156
$auto$insbuf.cc:97:execute$2526,6388,619.0999755859375,40.36000061035156
$auto$insbuf.cc:97:execute$2527,6375,621.4000244140625,37.63999938964844
$auto$insbuf.cc:97:execute$2528,4650,621.8599853515625,34.91999816894531
$auto$insbuf.cc:97:execute$2529,6424,649.0,37.63999938964844
$auto$insbuf.cc:97:execute$2530,4699,649.4600219726562,34.91999816894531
$auto$insbuf.cc:97:execute$2531,4624,619.0999755859375,29.479999542236328
$auto$insbuf.cc:97:execute$2532,4611,621.4000244140625,26.760000228881836
$auto$insbuf.cc:97:execute$2533,11706,621.8599853515625,78.44000244140625
$auto$insbuf.cc:97:execute$2534,2886,621.8599853515625,24.040000915527344
$auto$insbuf.cc:97:execute$2535,4660,649.0,26.760000228881836
$auto$insbuf.cc:97:execute$2536,2935,649.4600219726562,24.040000915527344
$auto$insbuf.cc:97:execute$2537,11755,649.4600219726562,78.44000244140625
$auto$insbuf.cc:97:execute$2538,13431,621.4000244140625,81.16000366210938
$auto$insbuf.cc:97:execute$2539,13480,649.0,81.16000366210938
$auto$insbuf.cc:97:execute$2540,13444,619.0999755859375,83.87999725341797
$auto$insbuf.cc:97:execute$2541,2909,646.7000122070312,18.600000381469727
$auto$insbuf.cc:97:execute$2542,2860,619.0999755859375,18.600000381469727
$auto$insbuf.cc:97:execute$2543,2847,621.4000244140625,15.880000114440918
$auto$insbuf.cc:97:execute$2544,2896,649.0,15.880000114440918
$auto$insbuf.cc:97:execute$2545,1122,621.8599853515625,13.15999984741211
$abc$2096$auto$blifparse.cc:396:parse_blif$2163,72390,37.65999984741211,453.79998779296875
$abc$2096$auto$blifparse.cc:396:parse_blif$2168,67117,53.7599983215332,423.8800048828125
$abc$2096$auto$blifparse.cc:396:parse_blif$2172,67042,23.860000610351562,418.44000244140625
$abc$2096$auto$blifparse.cc:396:parse_blif$2174,23335,246.9600067138672,146.44000244140625
$abc$2096$auto$blifparse.cc:396:parse_blif$2179,60099,60.65999984741211,380.3599853515625
$abc$2096$auto$blifparse.cc:396:parse_blif$2180,14589,274.55999755859375,97.4800033569336
$abc$2096$auto$blifparse.cc:396:parse_blif$2182,30562,327.4599914550781,195.39999389648438
$abc$2096$auto$blifparse.cc:396:parse_blif$2186,754,428.6600036621094,7.71999979019165
$abc$2096$auto$blifparse.cc:396:parse_blif$2188,84689,10.0600004196167,529.9600219726562
$abc$2096$auto$blifparse.cc:396:parse_blif$2194,74121,19.260000228881836,467.3999938964844
$abc$2096$auto$blifparse.cc:396:parse_blif$2199,75864,28.459999084472656,472.8399963378906
$abc$2096$auto$blifparse.cc:396:parse_blif$2208,16468,343.55999755859375,102.91999816894531
$abc$2096$auto$blifparse.cc:396:parse_blif$2210,74125,28.459999084472656,467.3999938964844
$abc$2096$auto$blifparse.cc:396:parse_blif$2219,68871,34.900001525878906,434.760009765625
$abc$2096$auto$blifparse.cc:396:parse_blif$2226,65293,5.460000038146973,413.0
$abc$2096$auto$blifparse.cc:396:parse_blif$2248,46014,92.86000061035156,287.8800048828125
$abc$2096$auto$blifparse.cc:396:parse_blif$2252,61890,92.86000061035156,385.79998779296875
$abc$2096$auto$blifparse.cc:396:parse_blif$2254,68929,79.05999755859375,434.760009765625
$abc$2096$auto$blifparse.cc:396:parse_blif$2255,49673,164.16000366210938,315.0799865722656
$abc$2096$auto$blifparse.cc:396:parse_blif$2265,7114,49.15999984741211,48.52000045776367
$abc$2096$auto$blifparse.cc:396:parse_blif$2277,23107,94.23999786376953,151.8800048828125
$abc$2096$auto$blifparse.cc:396:parse_blif$2278,23064,76.76000213623047,151.8800048828125
$abc$2096$auto$blifparse.cc:396:parse_blif$2281,24879,108.95999908447266,162.75999450683594
$abc$2096$auto$blifparse.cc:396:parse_blif$2283,35608,187.16000366210938,228.0399932861328
$abc$2096$auto$blifparse.cc:396:parse_blif$2287,23039,76.76000213623047,146.44000244140625
$abc$2096$auto$blifparse.cc:396:parse_blif$2288,19538,81.36000061035156,130.1199951171875
$abc$2096$auto$blifparse.cc:396:parse_blif$2303,14987,479.260009765625,100.19999694824219
$abc$2096$auto$blifparse.cc:396:parse_blif$2331,30586,355.05999755859375,189.9600067138672
$abc$2096$auto$blifparse.cc:396:parse_blif$2332,37471,244.66000366210938,238.9199981689453
$abc$2096$auto$blifparse.cc:396:parse_blif$2343,18427,451.6600036621094,113.80000305175781
$abc$2096$auto$blifparse.cc:396:parse_blif$2370,30588,359.6600036621094,189.9600067138672
$abc$2096$auto$blifparse.cc:396:parse_blif$2372,37469,240.05999755859375,238.9199981689453
$abc$2096$auto$blifparse.cc:396:parse_blif$2381,22054,509.1600036621094,135.55999755859375
$abc$2096$auto$blifparse.cc:396:parse_blif$2383,22079,510.5400085449219,141.0
$abc$2096$auto$blifparse.cc:396:parse_blif$2410,35754,267.6600036621094,228.0399932861328
$abc$2096$auto$blifparse.cc:396:parse_blif$2411,32400,384.9599914550781,200.83999633789062
$abc$2096$auto$blifparse.cc:396:parse_blif$2423,22141,534.4600219726562,143.72000122070312
$abc$2096$auto$blifparse.cc:396:parse_blif$2439,34043,304.4599914550781,217.16000366210938
$abc$2096$auto$blifparse.cc:396:parse_blif$2169,70649,33.060001373291016,448.3599853515625
$abc$2096$auto$blifparse.cc:396:parse_blif$2175,44347,145.75999450683594,277.0
$abc$2096$auto$blifparse.cc:396:parse_blif$2183,25195,297.55999755859375,157.32000732421875
$abc$2096$auto$blifparse.cc:396:parse_blif$2189,97046,7.300000190734863,608.8400268554688
$abc$2096$auto$blifparse.cc:396:parse_blif$2195,75918,37.65999984741211,475.55999755859375
$abc$2096$auto$blifparse.cc:396:parse_blif$2200,75869,10.0600004196167,475.55999755859375
$abc$2096$auto$blifparse.cc:396:parse_blif$2201,51338,106.66000366210938,325.9599914550781
$abc$2096$auto$blifparse.cc:396:parse_blif$2203,37562,287.44000244140625,238.9199981689453
$abc$2096$auto$blifparse.cc:396:parse_blif$2209,7701,378.05999755859375,48.52000045776367
$abc$2096$auto$blifparse.cc:396:parse_blif$2211,74162,33.060001373291016,467.3999938964844
$abc$2096$auto$blifparse.cc:396:parse_blif$2212,5962,378.05999755859375,43.08000183105469
$abc$2096$auto$blifparse.cc:396:parse_blif$2215,2435,380.3599853515625,21.31999969482422
$abc$2096$auto$blifparse.cc:396:parse_blif$2216,4254,391.8599853515625,34.91999816894531
$abc$2096$auto$blifparse.cc:396:parse_blif$2227,58254,10.0600004196167,372.20001220703125
$abc$2096$auto$blifparse.cc:396:parse_blif$2249,60060,51.459999084472656,380.3599853515625
$abc$2096$auto$blifparse.cc:396:parse_blif$2256,58448,115.86000061035156,372.20001220703125
$abc$2096$auto$blifparse.cc:396:parse_blif$2279,24859,90.55999755859375,160.0399932861328
$abc$2096$auto$blifparse.cc:396:parse_blif$2284,30234,143.4600067138672,189.9600067138672
$abc$2096$auto$blifparse.cc:396:parse_blif$2289,21356,90.55999755859375,143.72000122070312
$abc$2096$auto$blifparse.cc:396:parse_blif$2304,18499,476.5,119.23999786376953
$abc$2096$auto$blifparse.cc:396:parse_blif$2318,14768,373.4599914550781,94.76000213623047
$abc$2096$auto$blifparse.cc:396:parse_blif$2319,16524,384.9599914550781,102.91999816894531
$abc$2096$auto$blifparse.cc:396:parse_blif$2322,14938,451.6600036621094,100.19999694824219
$abc$2096$auto$blifparse.cc:396:parse_blif$2323,14858,440.1600036621094,92.04000091552734
$abc$2096$auto$blifparse.cc:396:parse_blif$2333,34071,311.3599853515625,214.44000244140625
$abc$2096$auto$blifparse.cc:396:parse_blif$2344,14913,451.6600036621094,94.76000213623047
$abc$2096$auto$blifparse.cc:396:parse_blif$2371,27123,366.1000061035156,173.63999938964844
$abc$2096$auto$blifparse.cc:396:parse_blif$2384,22125,531.7000122070312,141.0
$abc$2096$auto$blifparse.cc:396:parse_blif$2408,42915,309.05999755859375,274.2799987792969
$abc$2096$auto$blifparse.cc:396:parse_blif$2424,25652,529.8599853515625,162.75999450683594
$abc$2096$auto$blifparse.cc:396:parse_blif$2442,41154,315.9599914550781,263.3999938964844
$abc$2096$auto$blifparse.cc:396:parse_blif$2468,20376,532.1599731445312,132.83999633789062
$abc$2096$auto$blifparse.cc:396:parse_blif$2474,9925,616.3400268554688,64.83999633789062
$abc$2096$auto$blifparse.cc:396:parse_blif$2170,37390,203.25999450683594,233.47999572753906
$abc$2096$auto$blifparse.cc:396:parse_blif$2176,40834,148.05999755859375,257.9599914550781
$abc$2096$auto$blifparse.cc:396:parse_blif$2190,14701,336.6600036621094,92.04000091552734
$abc$2096$auto$blifparse.cc:396:parse_blif$2196,40811,122.76000213623047,263.3999938964844
$abc$2096$auto$blifparse.cc:396:parse_blif$2204,46222,198.66000366210938,290.6000061035156
$abc$2096$auto$blifparse.cc:396:parse_blif$2213,7695,366.55999755859375,48.52000045776367
$abc$2096$auto$blifparse.cc:396:parse_blif$2217,7768,393.70001220703125,53.959999084472656
$abc$2096$auto$blifparse.cc:396:parse_blif$2220,35625,200.9600067138672,222.60000610351562
$abc$2096$auto$blifparse.cc:396:parse_blif$2228,2491,394.1600036621094,24.040000915527344
$abc$2096$auto$blifparse.cc:396:parse_blif$2235,11409,449.3599853515625,78.44000244140625
$abc$2096$auto$blifparse.cc:396:parse_blif$2243,53144,121.83999633789062,336.8399963378906
$abc$2096$auto$blifparse.cc:396:parse_blif$2253,58375,90.55999755859375,366.760009765625
$abc$2096$auto$blifparse.cc:396:parse_blif$2257,61940,122.76000213623047,385.79998779296875
$abc$2096$auto$blifparse.cc:396:parse_blif$2280,51263,76.76000213623047,320.5199890136719
$abc$2096$auto$blifparse.cc:396:parse_blif$2285,26722,148.05999755859375,170.9199981689453
$abc$2096$auto$blifparse.cc:396:parse_blif$2290,54770,56.060001373291016,347.7200012207031
$abc$2096$auto$blifparse.cc:396:parse_blif$2292,35526,143.4600067138672,222.60000610351562
$abc$2096$auto$blifparse.cc:396:parse_blif$2320,14838,391.8599853515625,100.19999694824219
$abc$2096$auto$blifparse.cc:396:parse_blif$2324,13174,451.6600036621094,89.31999969482422
$abc$2096$auto$blifparse.cc:396:parse_blif$2328,35700,232.24000549316406,228.0399932861328
$abc$2096$auto$blifparse.cc:396:parse_blif$2334,37587,315.9599914550781,233.47999572753906
$abc$2096$auto$blifparse.cc:396:parse_blif$2357,14946,474.6600036621094,92.04000091552734
$abc$2096$auto$blifparse.cc:396:parse_blif$2358,14980,493.05999755859375,97.4800033569336
$abc$2096$auto$blifparse.cc:396:parse_blif$2361,11556,532.1599731445312,78.44000244140625
$abc$2096$auto$blifparse.cc:396:parse_blif$2362,13316,552.8599853515625,86.5999984741211
$abc$2096$auto$blifparse.cc:396:parse_blif$2367,37478,230.86000061035156,241.63999938964844
$abc$2096$auto$blifparse.cc:396:parse_blif$2407,35729,267.6600036621094,222.60000610351562
$abc$2096$auto$blifparse.cc:396:parse_blif$2440,37487,256.1600036621094,233.47999572753906
$abc$2096$auto$blifparse.cc:396:parse_blif$2443,39362,309.05999755859375,247.0800018310547
$abc$2096$auto$blifparse.cc:396:parse_blif$2469,18575,536.760009765625,113.80000305175781
$abc$2096$auto$blifparse.cc:396:parse_blif$2470,41211,366.55999755859375,255.24000549316406
$abc$2096$auto$blifparse.cc:396:parse_blif$2177,37365,174.74000549316406,238.9199981689453
$abc$2096$auto$blifparse.cc:396:parse_blif$2197,28635,235.4600067138672,181.8000030517578
$abc$2096$auto$blifparse.cc:396:parse_blif$2214,41000,246.9600067138672,260.67999267578125
$abc$2096$auto$blifparse.cc:396:parse_blif$2221,23434,304.4599914550781,146.44000244140625
$abc$2096$auto$blifparse.cc:396:parse_blif$2229,33888,206.94000244140625,217.16000366210938
$abc$2096$auto$blifparse.cc:396:parse_blif$2231,35584,189.4600067138672,222.60000610351562
$abc$2096$auto$blifparse.cc:396:parse_blif$2236,47914,145.75999450683594,306.9200134277344
$abc$2096$auto$blifparse.cc:396:parse_blif$2237,47884,164.16000366210938,298.760009765625
$abc$2096$auto$blifparse.cc:396:parse_blif$2244,68897,65.26000213623047,429.32000732421875
$abc$2096$auto$blifparse.cc:396:parse_blif$2259,60152,96.54000091552734,380.3599853515625
$abc$2096$auto$blifparse.cc:396:parse_blif$2286,40769,115.86000061035156,255.24000549316406
$abc$2096$auto$blifparse.cc:396:parse_blif$2293,63631,68.94000244140625,402.1199951171875
$abc$2096$auto$blifparse.cc:396:parse_blif$2321,56632,111.26000213623047,358.6000061035156
$abc$2096$auto$blifparse.cc:396:parse_blif$2325,47889,145.75999450683594,301.4800109863281
$abc$2096$auto$blifparse.cc:396:parse_blif$2329,65369,65.26000213623047,407.55999755859375
$abc$2096$auto$blifparse.cc:396:parse_blif$2359,13222,476.9599914550781,89.31999969482422
$abc$2096$auto$blifparse.cc:396:parse_blif$2363,15052,545.9600219726562,92.04000091552734
$abc$2096$auto$blifparse.cc:396:parse_blif$2368,63629,64.33999633789062,402.1199951171875
$abc$2096$auto$blifparse.cc:396:parse_blif$2397,15055,552.8599853515625,92.04000091552734
$abc$2096$auto$blifparse.cc:396:parse_blif$2399,42771,233.16000366210938,274.2799987792969
$abc$2096$auto$blifparse.cc:396:parse_blif$2403,18653,571.260009765625,119.23999786376953
$abc$2096$auto$blifparse.cc:396:parse_blif$2409,39299,281.4599914550781,244.36000061035156
$abc$2096$auto$blifparse.cc:396:parse_blif$2444,39302,288.3599853515625,244.36000061035156
$abc$2096$auto$blifparse.cc:396:parse_blif$2471,30782,465.4599914550781,189.9600067138672
$abc$2096$auto$blifparse.cc:396:parse_blif$2205,35656,212.4600067138672,228.0399932861328
$abc$2096$auto$blifparse.cc:396:parse_blif$2222,33965,267.6600036621094,211.72000122070312
$abc$2096$auto$blifparse.cc:396:parse_blif$2230,37404,203.25999450683594,236.1999969482422
$abc$2096$auto$blifparse.cc:396:parse_blif$2232,51502,203.25999450683594,320.5199890136719
$abc$2096$auto$blifparse.cc:396:parse_blif$2238,49656,152.66000366210938,312.3599853515625
$abc$2096$auto$blifparse.cc:396:parse_blif$2245,72389,35.36000061035156,453.79998779296875
$abc$2096$auto$blifparse.cc:396:parse_blif$2266,51354,118.16000366210938,320.5199890136719
$abc$2096$auto$blifparse.cc:396:parse_blif$2272,56647,120.45999908447266,353.1600036621094
$abc$2096$auto$blifparse.cc:396:parse_blif$2294,35394,62.959999084472656,225.32000732421875
$abc$2096$auto$blifparse.cc:396:parse_blif$2330,37585,311.3599853515625,233.47999572753906
$abc$2096$auto$blifparse.cc:396:parse_blif$2336,46248,200.9600067138672,296.0400085449219
$abc$2096$auto$blifparse.cc:396:parse_blif$2360,56678,131.9600067138672,358.6000061035156
$abc$2096$auto$blifparse.cc:396:parse_blif$2364,47965,177.9600067138672,306.9200134277344
$abc$2096$auto$blifparse.cc:396:parse_blif$2369,39300,283.760009765625,244.36000061035156
$abc$2096$auto$blifparse.cc:396:parse_blif$2398,46370,283.760009765625,290.6000061035156
$abc$2096$auto$blifparse.cc:396:parse_blif$2404,58566,219.36000061035156,364.0400085449219
$abc$2096$auto$blifparse.cc:396:parse_blif$2445,39313,281.4599914550781,247.0800018310547
$abc$2096$auto$blifparse.cc:396:parse_blif$2446,47930,184.86000061035156,298.760009765625
$abc$2096$auto$blifparse.cc:396:parse_blif$2447,54915,134.25999450683594,347.7200012207031
$abc$2096$auto$blifparse.cc:396:parse_blif$2472,32610,474.6600036621094,206.27999877929688
$abc$2096$auto$blifparse.cc:396:parse_blif$2206,28628,249.25999450683594,179.0800018310547
$abc$2096$auto$blifparse.cc:396:parse_blif$2233,44478,217.05999755859375,282.44000244140625
$abc$2096$auto$blifparse.cc:396:parse_blif$2239,63639,83.66000366210938,402.1199951171875
$abc$2096$auto$blifparse.cc:396:parse_blif$2258,63645,67.55999755859375,404.8399963378906
$abc$2096$auto$blifparse.cc:396:parse_blif$2267,47850,117.69999694824219,304.20001220703125
$abc$2096$auto$blifparse.cc:396:parse_blif$2273,30151,90.55999755859375,192.67999267578125
$abc$2096$auto$blifparse.cc:396:parse_blif$2274,30119,74.45999908447266,195.39999389648438
$abc$2096$auto$blifparse.cc:396:parse_blif$2295,44199,60.65999984741211,277.0
$abc$2096$auto$blifparse.cc:396:parse_blif$2305,28413,92.86000061035156,187.24000549316406
$abc$2096$auto$blifparse.cc:396:parse_blif$2335,42768,226.25999450683594,274.2799987792969
$abc$2096$auto$blifparse.cc:396:parse_blif$2373,53207,148.05999755859375,339.55999755859375
$abc$2096$auto$blifparse.cc:396:parse_blif$2374,39278,262.1400146484375,249.8000030517578
$abc$2096$auto$blifparse.cc:396:parse_blif$2400,44542,253.86000061035156,277.0
$abc$2096$auto$blifparse.cc:396:parse_blif$2402,28920,410.260009765625,179.0800018310547
$abc$2096$auto$blifparse.cc:396:parse_blif$2412,46298,230.86000061035156,296.0400085449219
$abc$2096$auto$blifparse.cc:396:parse_blif$2448,41065,286.05999755859375,255.24000549316406
$abc$2096$auto$blifparse.cc:396:parse_blif$2450,55042,198.66000366210938,345.0
$abc$2096$auto$blifparse.cc:396:parse_blif$2223,30390,244.66000366210938,189.9600067138672
$abc$2096$auto$blifparse.cc:396:parse_blif$2234,44496,233.16000366210938,277.0
$abc$2096$auto$blifparse.cc:396:parse_blif$2240,61891,95.16000366210938,385.79998779296875
$abc$2096$auto$blifparse.cc:396:parse_blif$2260,63635,74.45999908447266,402.1199951171875
$abc$2096$auto$blifparse.cc:396:parse_blif$2268,28330,74.45999908447266,179.0800018310547
$abc$2096$auto$blifparse.cc:396:parse_blif$2269,26595,83.66000366210938,173.63999938964844
$abc$2096$auto$blifparse.cc:396:parse_blif$2275,31914,88.26000213623047,203.55999755859375
$abc$2096$auto$blifparse.cc:396:parse_blif$2296,44209,81.36000061035156,277.0
$abc$2096$auto$blifparse.cc:396:parse_blif$2306,12474,66.63999938964844,86.5999984741211
$abc$2096$auto$blifparse.cc:396:parse_blif$2312,28447,119.54000091552734,184.52000427246094
$abc$2096$auto$blifparse.cc:396:parse_blif$2337,46244,221.66000366210938,293.32000732421875
$abc$2096$auto$blifparse.cc:396:parse_blif$2375,47959,194.05999755859375,304.20001220703125
$abc$2096$auto$blifparse.cc:396:parse_blif$2401,18670,585.0599975585938,113.80000305175781
$abc$2096$auto$blifparse.cc:396:parse_blif$2413,40999,244.66000366210938,260.67999267578125
$abc$2096$auto$blifparse.cc:396:parse_blif$2414,28950,391.8599853515625,187.24000549316406
$abc$2096$auto$blifparse.cc:396:parse_blif$2449,15329,670.1599731445312,100.19999694824219
$abc$2096$auto$blifparse.cc:396:parse_blif$2451,60182,134.25999450683594,374.9200134277344
$abc$2096$auto$blifparse.cc:396:parse_blif$2261,51434,157.25999450683594,325.9599914550781
$abc$2096$auto$blifparse.cc:396:parse_blif$2270,26586,66.63999938964844,173.63999938964844
$abc$2096$auto$blifparse.cc:396:parse_blif$2276,56534,56.060001373291016,358.6000061035156
$abc$2096$auto$blifparse.cc:396:parse_blif$2297,40744,88.26000213623047,260.67999267578125
$abc$2096$auto$blifparse.cc:396:parse_blif$2307,16368,283.760009765625,102.91999816894531
$abc$2096$auto$blifparse.cc:396:parse_blif$2308,14586,267.6600036621094,97.4800033569336
$abc$2096$auto$blifparse.cc:396:parse_blif$2313,21832,367.94000244140625,141.0
$abc$2096$auto$blifparse.cc:396:parse_blif$2315,21789,350.4599914550781,141.0
$abc$2096$auto$blifparse.cc:396:parse_blif$2338,49788,233.16000366210938,309.6400146484375
$abc$2096$auto$blifparse.cc:396:parse_blif$2376,37518,267.6600036621094,238.9199981689453
$abc$2096$auto$blifparse.cc:396:parse_blif$2415,32464,393.70001220703125,206.27999877929688
$abc$2096$auto$blifparse.cc:396:parse_blif$2452,25670,536.760009765625,165.47999572753906
$abc$2096$auto$blifparse.cc:396:parse_blif$2458,32132,221.66000366210938,206.27999877929688
$abc$2096$auto$blifparse.cc:396:parse_blif$2262,54917,138.86000061035156,347.7200012207031
$abc$2096$auto$blifparse.cc:396:parse_blif$2271,44427,184.86000061035156,282.44000244140625
$abc$2096$auto$blifparse.cc:396:parse_blif$2298,49517,64.33999633789062,315.0799865722656
$abc$2096$auto$blifparse.cc:396:parse_blif$2309,14604,283.760009765625,92.04000091552734
$abc$2096$auto$blifparse.cc:396:parse_blif$2314,25359,366.1000061035156,162.75999450683594
$abc$2096$auto$blifparse.cc:396:parse_blif$2316,40931,200.9600067138672,257.9599914550781
$abc$2096$auto$blifparse.cc:396:parse_blif$2345,14765,366.55999755859375,94.76000213623047
$abc$2096$auto$blifparse.cc:396:parse_blif$2351,25311,340.3399963378906,162.75999450683594
$abc$2096$auto$blifparse.cc:396:parse_blif$2377,39274,253.86000061035156,249.8000030517578
$abc$2096$auto$blifparse.cc:396:parse_blif$2416,23793,480.6400146484375,151.8800048828125
$abc$2096$auto$blifparse.cc:396:parse_blif$2453,20483,612.6599731445312,124.68000030517578
$abc$2096$auto$blifparse.cc:396:parse_blif$2299,45988,62.5,293.32000732421875
$abc$2096$auto$blifparse.cc:396:parse_blif$2310,42739,246.9600067138672,266.1199951171875
$abc$2096$auto$blifparse.cc:396:parse_blif$2317,32227,269.9599914550781,206.27999877929688
$abc$2096$auto$blifparse.cc:396:parse_blif$2346,14863,421.760009765625,94.76000213623047
$abc$2096$auto$blifparse.cc:396:parse_blif$2347,13068,407.9599914550781,86.5999984741211
$abc$2096$auto$blifparse.cc:396:parse_blif$2352,18336,410.260009765625,113.80000305175781
$abc$2096$auto$blifparse.cc:396:parse_blif$2353,16651,419.4599914550781,111.08000183105469
$abc$2096$auto$blifparse.cc:396:parse_blif$2417,32373,350.4599914550781,206.27999877929688
$abc$2096$auto$blifparse.cc:396:parse_blif$2454,28992,433.260009765625,184.52000427246094
$abc$2096$auto$blifparse.cc:396:parse_blif$2459,44382,166.4600067138672,282.44000244140625
$abc$2096$auto$blifparse.cc:396:parse_blif$2300,46061,115.86000061035156,287.8800048828125
$abc$2096$auto$blifparse.cc:396:parse_blif$2311,40981,230.86000061035156,257.9599914550781
$abc$2096$auto$blifparse.cc:396:parse_blif$2339,42779,256.1600036621094,266.1199951171875
$abc$2096$auto$blifparse.cc:396:parse_blif$2348,14874,423.1400146484375,97.4800033569336
$abc$2096$auto$blifparse.cc:396:parse_blif$2354,20165,421.29998779296875,130.1199951171875
$abc$2096$auto$blifparse.cc:396:parse_blif$2355,40957,203.25999450683594,263.3999938964844
$abc$2096$auto$blifparse.cc:396:parse_blif$2385,16638,423.1400146484375,108.36000061035156
$abc$2096$auto$blifparse.cc:396:parse_blif$2391,23596,367.94000244140625,151.8800048828125
$abc$2096$auto$blifparse.cc:396:parse_blif$2418,34178,364.260009765625,217.16000366210938
$abc$2096$auto$blifparse.cc:396:parse_blif$2455,27220,419.4599914550781,173.63999938964844
$abc$2096$auto$blifparse.cc:396:parse_blif$2340,42761,240.05999755859375,271.55999755859375
$abc$2096$auto$blifparse.cc:396:parse_blif$2349,44528,246.9600067138672,282.44000244140625
$abc$2096$auto$blifparse.cc:396:parse_blif$2356,28751,304.4599914550781,184.52000427246094
$abc$2096$auto$blifparse.cc:396:parse_blif$2386,18507,490.760009765625,119.23999786376953
$abc$2096$auto$blifparse.cc:396:parse_blif$2387,20253,476.9599914550781,127.4000015258789
$abc$2096$auto$blifparse.cc:396:parse_blif$2392,27211,421.760009765625,170.9199981689453
$abc$2096$auto$blifparse.cc:396:parse_blif$2394,28922,414.8599853515625,179.0800018310547
$abc$2096$auto$blifparse.cc:396:parse_blif$2460,46094,131.9600067138672,293.32000732421875
$abc$2096$auto$blifparse.cc:396:parse_blif$2350,44518,228.10000610351562,282.44000244140625
$abc$2096$auto$blifparse.cc:396:parse_blif$2378,34009,286.05999755859375,211.72000122070312
$abc$2096$auto$blifparse.cc:396:parse_blif$2388,20264,478.3399963378906,130.1199951171875
$abc$2096$auto$blifparse.cc:396:parse_blif$2393,23684,424.05999755859375,149.16000366210938
$abc$2096$auto$blifparse.cc:396:parse_blif$2395,42720,200.9600067138672,274.2799987792969
$abc$2096$auto$blifparse.cc:396:parse_blif$2425,20280,481.55999755859375,132.83999633789062
$abc$2096$auto$blifparse.cc:396:parse_blif$2430,27210,419.4599914550781,170.9199981689453
$abc$2096$auto$blifparse.cc:396:parse_blif$2461,46193,189.4600067138672,293.32000732421875
$abc$2096$auto$blifparse.cc:396:parse_blif$2467,25517,470.05999755859375,162.75999450683594
$abc$2096$auto$blifparse.cc:396:parse_blif$2379,37519,269.9599914550781,238.9199981689453
$abc$2096$auto$blifparse.cc:396:parse_blif$2389,42813,274.55999755859375,271.55999755859375
$abc$2096$auto$blifparse.cc:396:parse_blif$2396,34065,327.4599914550781,211.72000122070312
$abc$2096$auto$blifparse.cc:396:parse_blif$2426,22093,509.1600036621094,143.72000122070312
$abc$2096$auto$blifparse.cc:396:parse_blif$2427,23849,520.6599731445312,151.8800048828125
$abc$2096$auto$blifparse.cc:396:parse_blif$2431,28993,435.55999755859375,184.52000427246094
$abc$2096$auto$blifparse.cc:396:parse_blif$2433,27245,447.05999755859375,168.1999969482422
$abc$2096$auto$blifparse.cc:396:parse_blif$2473,30824,479.260009765625,189.9600067138672
$abc$2096$auto$blifparse.cc:396:parse_blif$2390,44558,258.4599914550781,279.7200012207031
$abc$2096$auto$blifparse.cc:396:parse_blif$2419,32368,342.6400146484375,206.27999877929688
$abc$2096$auto$blifparse.cc:396:parse_blif$2428,23816,504.55999755859375,146.44000244140625
$abc$2096$auto$blifparse.cc:396:parse_blif$2432,30749,421.29998779296875,195.39999389648438
$abc$2096$auto$blifparse.cc:396:parse_blif$2434,42729,226.25999450683594,266.1199951171875
$abc$2096$auto$blifparse.cc:396:parse_blif$2462,42738,244.66000366210938,266.1199951171875
$abc$2096$auto$blifparse.cc:396:parse_blif$2475,18614,536.760009765625,121.95999908447266
$abc$2096$auto$blifparse.cc:396:parse_blif$2420,37545,302.1600036621094,233.47999572753906
$abc$2096$auto$blifparse.cc:396:parse_blif$2429,42788,274.55999755859375,266.1199951171875
$abc$2096$auto$blifparse.cc:396:parse_blif$2435,35831,332.05999755859375,222.60000610351562
$abc$2096$auto$blifparse.cc:396:parse_blif$2466,30637,387.260009765625,189.9600067138672
$abc$2096$auto$blifparse.cc:396:parse_blif$2476,42714,217.05999755859375,271.55999755859375
$abc$2096$auto$blifparse.cc:396:parse_blif$2436,32366,338.5,206.27999877929688
$abc$2096$auto$blifparse.cc:396:parse_blif$2456,35896,342.6400146484375,228.0399932861328
$abc$2096$auto$blifparse.cc:396:parse_blif$2463,37521,274.55999755859375,238.9199981689453
$abc$2096$auto$blifparse.cc:396:parse_blif$2477,37586,313.6600036621094,233.47999572753906
$abc$2096$auto$blifparse.cc:396:parse_blif$2457,32327,329.760009765625,206.27999877929688
$abc$2096$auto$blifparse.cc:396:parse_blif$2478,34059,315.9599914550781,211.72000122070312
$abc$2096$auto$blifparse.cc:396:parse_blif$2464,37546,304.4599914550781,233.47999572753906
$abc$2096$auto$blifparse.cc:396:parse_blif$2465,37551,286.05999755859375,236.1999969482422
$abc$2096$auto$blifparse.cc:396:parse_blif$2098,82052,504.1000061035156,510.9200134277344
$abc$2096$auto$blifparse.cc:396:parse_blif$2109,102355,12.359999656677246,644.2000122070312
$abc$2096$auto$blifparse.cc:396:parse_blif$2110,100588,5.460000038146973,633.3200073242188
$abc$2096$auto$blifparse.cc:396:parse_blif$2111,100591,12.359999656677246,633.3200073242188
$abc$2096$auto$blifparse.cc:396:parse_blif$2112,102313,5.460000038146973,636.0399780273438
$abc$2096$auto$blifparse.cc:396:parse_blif$2113,105844,12.359999656677246,657.7999877929688
$abc$2096$auto$blifparse.cc:396:parse_blif$2114,105848,19.260000228881836,657.7999877929688
$abc$2096$auto$blifparse.cc:396:parse_blif$2115,104142,37.65999984741211,649.6400146484375
$abc$2096$auto$blifparse.cc:396:parse_blif$2116,104109,19.260000228881836,652.3599853515625
$abc$2096$auto$blifparse.cc:396:parse_blif$2117,102402,35.36000061035156,644.2000122070312
$abc$2096$auto$blifparse.cc:396:parse_blif$2118,100601,39.959999084472656,625.1599731445312
$abc$2096$auto$blifparse.cc:396:parse_blif$2119,102401,33.060001373291016,644.2000122070312
$abc$2096$auto$blifparse.cc:396:parse_blif$2120,100598,33.060001373291016,625.1599731445312
$abc$2096$auto$blifparse.cc:396:parse_blif$2121,105892,37.65999984741211,657.7999877929688
$abc$2096$auto$blifparse.cc:396:parse_blif$2122,102365,39.959999084472656,636.0399780273438
$abc$2096$auto$blifparse.cc:396:parse_blif$2123,105890,33.060001373291016,657.7999877929688
$abc$2096$auto$blifparse.cc:396:parse_blif$2124,104088,28.459999084472656,646.9199829101562
$abc$2096$auto$blifparse.cc:396:parse_blif$2125,105851,26.15999984741211,657.7999877929688
$abc$2096$auto$blifparse.cc:396:parse_blif$2126,102314,7.760000228881836,636.0399780273438
$abc$2096$auto$blifparse.cc:396:parse_blif$2127,102352,5.460000038146973,644.2000122070312
$abc$2096$auto$blifparse.cc:396:parse_blif$2128,104092,7.760000228881836,649.6400146484375
$abc$2096$auto$blifparse.cc:396:parse_blif$2129,100589,7.760000228881836,633.3200073242188
$abc$2096$auto$blifparse.cc:396:parse_blif$2130,102316,12.359999656677246,636.0399780273438
$abc$2096$auto$blifparse.cc:396:parse_blif$2131,97049,13.739999771118164,608.8400268554688
$abc$2096$auto$blifparse.cc:396:parse_blif$2132,90434,262.1400146484375,565.3200073242188
$abc$2096$auto$blifparse.cc:396:parse_blif$2133,88670,262.1400146484375,554.4400024414062
$abc$2096$auto$blifparse.cc:396:parse_blif$2134,95364,79.05999755859375,592.52001953125
$abc$2096$auto$blifparse.cc:396:parse_blif$2135,92024,173.36000061035156,570.760009765625
$abc$2096$auto$blifparse.cc:396:parse_blif$2136,88511,175.66000366210938,551.719970703125
$abc$2096$auto$blifparse.cc:396:parse_blif$2137,91951,119.54000091552734,576.2000122070312
$abc$2096$auto$blifparse.cc:396:parse_blif$2138,93676,111.26000213623047,587.0800170898438
$abc$2096$auto$blifparse.cc:396:parse_blif$2139,93729,118.16000366210938,589.7999877929688
$abc$2096$auto$blifparse.cc:396:parse_blif$2140,97130,83.66000366210938,603.4000244140625
$abc$2096$auto$blifparse.cc:396:parse_blif$2141,95481,124.13999938964844,597.9600219726562
$abc$2096$auto$blifparse.cc:396:parse_blif$2142,98997,120.45999908447266,617.0
$abc$2096$auto$blifparse.cc:396:parse_blif$2143,90340,212.4600067138672,565.3200073242188
$abc$2096$auto$blifparse.cc:396:parse_blif$2144,90267,187.16000366210938,559.8800048828125
$abc$2096$auto$blifparse.cc:396:parse_blif$2145,102324,28.459999084472656,636.0399780273438
$abc$2096$auto$blifparse.cc:396:parse_blif$2146,100640,39.959999084472656,633.3200073242188
$abc$2096$auto$blifparse.cc:396:parse_blif$2147,102389,39.040000915527344,641.47998046875
$abc$2096$auto$blifparse.cc:396:parse_blif$2148,98858,33.060001373291016,619.719970703125
$abc$2096$auto$blifparse.cc:396:parse_blif$2149,90406,253.86000061035156,559.8800048828125
$abc$2096$auto$blifparse.cc:396:parse_blif$2150,88603,246.9600067138672,549.0
$abc$2096$auto$blifparse.cc:396:parse_blif$2151,88601,242.36000061035156,549.0
$abc$2096$auto$blifparse.cc:396:parse_blif$2152,104086,23.860000610351562,646.9199829101562
$abc$2096$auto$blifparse.cc:396:parse_blif$2153,100576,11.4399995803833,630.5999755859375
$abc$2096$auto$blifparse.cc:396:parse_blif$2154,102403,37.65999984741211,644.2000122070312
$abc$2096$auto$blifparse.cc:396:parse_blif$2155,104199,60.65999984741211,652.3599853515625
$abc$2096$auto$blifparse.cc:396:parse_blif$2156,100648,62.959999084472656,625.1599731445312
$abc$2096$auto$blifparse.cc:396:parse_blif$2157,104105,13.739999771118164,652.3599853515625
$abc$2096$auto$blifparse.cc:396:parse_blif$2158,105884,14.65999984741211,665.9600219726562
$auto$insbuf.cc:97:execute$2479,105894,41.79999923706055,657.7999877929688
$auto$insbuf.cc:97:execute$2480,100637,33.060001373291016,633.3200073242188
$auto$insbuf.cc:97:execute$2481,102379,39.5,638.760009765625
$auto$insbuf.cc:97:execute$2482,93706,122.30000305175781,584.3599853515625
$auto$insbuf.cc:97:execute$2483,88744,317.79998779296875,549.0
$auto$insbuf.cc:97:execute$2484,92066,180.25999450683594,578.9199829101562
$auto$insbuf.cc:97:execute$2485,95470,122.30000305175781,595.239990234375
$flatten\A.\counter_inst.$auto$ff.cc:266:slice$1480,72715,213.83999633789062,459.239990234375
$flatten\A.\counter_inst.$auto$ff.cc:266:slice$1481,67423,213.83999633789062,426.6000061035156
$flatten\A.\counter_inst.$auto$ff.cc:266:slice$1482,74503,241.44000244140625,464.67999267578125
$flatten\A.\counter_inst.$auto$ff.cc:266:slice$1483,74528,241.44000244140625,470.1199951171875
$flatten\A.\gray_inst.$auto$ff.cc:266:slice$1422,76218,213.83999633789062,475.55999755859375
$flatten\A.\gray_inst.$auto$ff.cc:266:slice$1424,74601,296.6400146484375,464.67999267578125
$flatten\A.\gray_inst.$auto$ff.cc:266:slice$1425,71024,269.0400085449219,442.9200134277344
$flatten\A.\gray_inst.$auto$ff.cc:266:slice$1429,74454,213.83999633789062,464.67999267578125
$flatten\A.\gray_inst.$auto$ff.cc:266:slice$1430,72813,269.0400085449219,459.239990234375
$flatten\A.\gray_inst.$auto$ff.cc:266:slice$1431,67496,269.0400085449219,421.1600036621094
$flatten\A.\gray_inst.$auto$ff.cc:266:slice$1432,74552,269.0400085449219,464.67999267578125
